pf_no,appointment_date,application_date
19355,4/2/2001,02-Apr-01
17791,19/12/1994,5-May-05
18985,8/5/1999,18-Apr-06
17014,1/1/1988,27-Jun-06
18619,15/5/1998,14-Nov-06
18807,12/2/1999,02-Dec-06
16966,3/10/1987,4-Jan-07
C2215,6/3/1996,02-Mar-07
18061,2/5/1996,16-Apr-07
17185,15/9/1989,17-Apr-07
18394,6/2/1997,05-Sep-07
1108,30/12/2005,5-Nov-07
19030,11/9/1999,14-Dec-07
11078,2/7/2007,
CM/2469,10/11/1999,30-Dec-07
18892,8/2/1999,25-Jan-08
18513,1/10/1998,25-Sep-08
18509,18/12/1997,12-Oct-08
17962,8/3/1996,4-Nov-08
18438,18/8/1997,07-Jan-09
18487,1/11/1997,08-Jan-09
11119,17/11/2008,10-Jan-09
2489,21/12/1999,19-Jan-09
c1909,11/1/1993,19-Jan-09
1727,31/3/2008,21-Jan-09
17599,14/2/1995,08-Apr-09
7643,16/6/2008,19-May-09
11151,30/01/2009,19-May-09
11106,6/11/2008,12-Sep-09
87508,3/8/1997,17-Nov-09
11117,2/10/2008,17-Nov-09
87623,11/15/1995,18-Nov-09
18528,11/1/1997,8-Dec-09
18065,2/5/1996,26-Dec-09
1900,10/1/2006,11-Jan-10
17572,10/1/2003,20-Jan-10
,8/8/2008,25-Jan-10
18535,13/2/1998,30-Mar-10
11194,21/08/2008,28-Jun-10
18913,8/3/1999,5-Jul-10
11249,4/4/1992,9/8/2010
11017,1/4/2005,3-Sep-10
7409,7/7/2010,24-Sep-10
11174,3/1/2010,13-Oct-10
1175,3/8/2010,18-Oct-10
2841,12/3/2008,19-Oct-10
18984,17/8/1999,19-Oct-10
18756,27/2/1999,10/27/2010
11135,28/10/2008,23-Dec-10
C2928,29/12/2010,26-Jan-11
18576,4/14/1998,8-Feb-11
7483,3/10/2011,13-Mar-11
17620,28/02/1995,25-Mar-11
19225,8/1/2000,13-Apr-11
19125,11/12/1999,30-Apr-11
11212,12/82010,1-May-11
11085,12/11/2007,11-Jul-11
11109,30/06/2008,15-Jul-11
17973,1/3/1996,27-Jul-11
19326,12/6/2000,20-Sep-11
18550,22/01/1998,27-Oct-11
18260,1/2/1997,2-Nov-11
11183,29/06/2011,09-Nov-11
2284,8/7/1997,Nov.
18305,2/1/1997,14-Nov-11
19405,6/18/2001,21-Nov-11
11233,12/29/2010,30-Dec-11
AS/7814,13/5/1996,5-Jan-12
7419,20/12/2010,26-Jan-12
11314,3/1/2012,1-Mar-12
7522,3/1/2012,7-Mar-12
7523,1/2/2012,13-Mar-12
11134,13/04/1999,14-Mar-12
7528,26/3/2012,03-Apr-12
7530,16/5/2012,13-Jun-12
AS/7531,16/5/2012,13-Jun-12
19908,12/24/2010,19/6/2012
7486,4/6/2011,25-Jun-12
17788,8/7/2012,09-Jul-12
3028,16/06/2012,16-Aug-12
17745,7-Feb-12,07-Sep-12
3044,17/07/2012,24-Sep-12
7568,9/12/2012,25-Sep-12
2785,1/11/2007,28-Sep-12
11334,2/5/2012,22-Oct-12
17793,15/8/2012,22-Oct-12
17754,8/1/2012,6-Nov-12
7532,4/30/2012,26-Nov-12
17781,13/08/2012,27-Nov-12
28150,11/12/2012,30-Nov-12
28239,23/11/2012,13/12/2012
28005,2/10/2012,14-Dec-12
28110,11/14/2012,17-Dec-12
19217,8/1/2000,7-Jan-13
238,9/12/1998,7-Feb-13
28203,22/11/2012,8-Feb-13
c17801,20/4/2012,26-Feb-13
28025,19/11/2012,26-Feb-13
19793,25/11/2008,28-Feb-13
28017,9/3/2012,01-Mar-13
28321,1/7/2013,11-Mar-13
18813,3/15/1999,15-Mar-13
11231,23/12/2010,18-Mar-13
11326,1/8/2012,21-Mar-13
11198,4/1/2010,21-Mar-13
7642,12/7/2012,11-Apr-13
17716,6/4/2012,30-May-13
as7599,26/02/2013,5-Jun-13
17780,14/8/2012,10-Jun-13
28101,14/11/2012,21-Jun-13
28280,26/11/2012,12-Jul-13
28125,18/12/2012,16-Jul-13
11273,25/3/2011,25-Jul-13
7647,12/18/2012,05-Sep-13
17796,13/8/2012,26-Sep-13
28278,26/11/2012,7-Oct-13
7653,17/12/2012,7-Nov-13
17702,6/2/2012,29-Nov-13
11297,4/2/2012,6-Dec-13
,2/28/2013,10-Dec-13
3094,29/11/2012,17-Dec-13
17869,12/1/1995,18-Dec-13
28061,14/11/2012,24-Dec-13
AS/7544,25/7/2012,27-Jan-14
11295,1/9/2011,19-Feb-14
28068,3/5/2013,5-Mar-14
19264,30/10/2000,10-Mar-14
28310,1/2/2013,12-Mar-14
3033,2/11/2014,19-Mar-14
c2414,22/01/1999,3-Apr-14
11256,28/2/2011,22-May-14
28037,20/12/2012,24-Oct-14
7701,27/08/2014,15-Dec-14
28232,12/5/2012,30-Dec-14
7582,28/09/2012,14-Jan-15
7691,1/21/2014,26-Jan-15
28409,23/09/2014,26-Jan-15
19486,1/3/2002,1-Apr-15
28370,9/7/2012,8-Apr-15
18823,20/05/1999,16-Apr-15
CM/PF.3184,2/9/2013,27-Apr-15
28410,12/1/2014,10-Jun-15
3139,12/6/2012,16-Jul-15
18692,14/10/1998,18-Jul-15
19490,3/1/2002,29-Jul-15
28151,3/12/2012,24-Aug-15
11248,18/03/2011,15-Sep-15
7575,26/9/2012,21-Sep-15
17746,7/24/2012,29-Sep-15
AS/7718,30/4/2015,9-Oct-15
AS/7727,9/17/2015,26-Nov-15
28135,10/21/2013,28-Nov-15
18729,31/10/1998,9-Dec-15
c3051,28/09/2012,15-Dec-15
7725,29/09/2015,20-Dec-15
c3121,27/12/2012,21-Dec-15
2935,5/4/2011,29-Dec-15
20544,11/14/2012,29-Dec-15
7726,17/9/2015,29-Dec-15
28143,14/11/2012,5-Jan-16
7642,,6-Jan-16
7164,2/12/2007,7-Jan-16
28119,14/11/2012,7-Jan-16
c2973,6/4/2011,11-Jan-16
17745,7/2/2012,12-Jan-16
3125,30/11/2012,12-Jan-16
3085,27/11/12,13-Jan-16
C2118,2/1/1995,14-Jan-16
11129,13/11/2008,14-Jan-16
3202,10/3/2014,30-Jan-16
7742,1/7/2016,9-Feb-16
19246,26/10/2000,16-Feb-16
7720,15/4/2015,18-Feb-16
18217,25/11/1996,14-Mar-16
18209,7/10/1996,17-Mar-16
,,3/30/2016
17653,4/10/1995,11-Apr-16
7735,7/12/2015,03-May-16
17976,1/3/1996,27-May-16
7671,3/6/2013,09-Jun-16
18211,16/10/1996,17-Jun-16
7677,5/2/2013,17-Jun-16
17785,30/7/2012,24-Jun-16
AS/7767,4/9/2012,10-Jul-16
28339,13/1/2013,19/7/2016
7743,5/27/2016,20-Jul-16
C2820,4/2/2008,15-Aug-16
7554,28/8/2012,16/8/2016
7446,25/11/2010,16-Aug-16
28172,14/11/2012,18/8/2016
C3113,3/12/2012,24-Aug-16
28404,7/9/2014,31/8/2016
7475,1/6/2011,9-Sep-16
c3162,27/11/2012,14-Sep-16
,2/3/2015,15-Sep-16
7745,27/5/2016,15-Sep-16
11145,6/1/2009,16-Sep-16
18145,15/7/1996,10-Oct-16
18148,5/6/1996,22/10/2016
17774,6/25/2012,10/25/2016
AS.7753,,25-Jan-17
18334,29/4/1997,27/1/2017
28376,16/7/2012,27-Jan-17
15567,16/2/1983,17/2/2017
7740,7/1/2016,22-Feb-17
17906,3/1/1996,2/3/2017
7747,4/11/2016,06-Mar-17
11313,2/4/2012,08-Mar-17
7591,16/11/2012,5/4/2017
18617,15/5/1998,03-May-17
7665,15/4/2015,25-May-17
7755,6/2/2017,02-Jun-17
7469,18/2/2011,07-Jun-17
18872,1/5/1999,12-Jun-17
28349,23/1/2013,20/6/2017
28352,23/1/2013,30-Jun-17
11294,10/1/2011,13/7/2017
11312,2/3/2012,08-Sep-17
28089,3/12/2012,28-Sep-17
28010,1/11/2012,28-Sep-17
28419,2/10/2017,23-Nov-17
AS/7784,19/3/2018,16-Apr-18
19795,11/21/2008,
7776,3/10/2017,18-Apr-18
28242,3/12/2012,09-May-18
87596,1/9/1995,15-May-18
18067,1/4/1996,15-May-18
17751,9/7/2012,17-May-18
19524,22/5/2002,25-May-18
28427,11/2/2015,6/14/2018
19773,8/28/2008,7/3/2018
C3107,5/13/2014,11-Jul-18
17715,7/6/1995,23-Jul-18
28337,1/23/2013,28-Aug-18
7807,5/26/1997,29-Aug-18
7777,10/25/2017,31-Aug-18
28421,8/3/2015,7-Sep-18
28129,11/14/2012,3-Oct-18
7810,3/3/1999,8-Oct-18
15340,12/13/1982,10-Oct-18
18262,1/2/1997,10-Oct-18
28347,5/18/2013,30-Oct-18
2429,4/14/1999,12-Dec-18
28250,11/12/2012,09-Jan-19
28413,2/23/2015,
28392,4/25/2014,28-Feb-19
7822,2/5/2019,12-Mar-19
18187,9/23/1996,27-Mar-19
AS/7790,Sept.,2018
15237,10/4/1982,
3338,5/5/2019,06-May-19
7719,4/15/2015,
28134,12/3/2012,1-Jul-19
18204,8/25/1996,31-Jul-19
19553,7/26/2004,10/1/2019
28299,27/12/2012,1-Oct-19
19402,6/18/2001,1-Oct-19
28189,12/3/2012,1-Oct-19
28064,14/11/2012,1-Oct-19
28102,11/14/2012,30-Oct-19
AS/7819,9/7/2012,8-Nov-19
19403,6/18/2001,8-Nov-19
C3273,1/2/2015,15-Nov-19
28450,9/23/2019,18-Nov-19
7823,2/4/2019,03-Dec-19
AS7881,10/31/2019,04-Dec-19
18041,4/17/1996,12-Dec-19
7904,11/29/2019,13-Dec-19
19185,1/5/1998,23-Dec-19
7907,10/31/2019,08-Jan-20
28455,9/30/2019,16-Jan-20
20371,11/22/2012,29-Jan-20
17710,6/15/2012,06-Feb-20
19857,10/27/2010,27-Jul-20
AS7908,12/16/2019,02-Sep-20
19416,6/18/2001,03-Sep-20
7806,8/26/2019,22-Sep-20
28254,11/12/2012,22-Dec-20
28176,12/4/2012,22-Dec-20
28336,1/23/2013,04-Jan-21
17753,7/2/2012,21-Jan-21
CM/3097,11/29/2012,08-Mar-21
AS/7903,10/31/2019,09-Mar-21
11204,9/30/2010,11-Mar-21
5489,8/1/2000,17-Mar-21
18600,6/5/1998,17-Mar-21
19737,2/21/2008,19-Mar-21
7803,8/16/2019,22-Mar-21
28100,11/14/2012,22-Mar-21
11299,2/21/2012,29-Mar-21
11306,3/1/2012,08-Apr-21
11332,5/2/2012,16-Apr-21
28195,12/3/2012,10-May-21
17707,5/2/2012,14-May-21
7791,5/14/2018,26-May-21
7889,11/4/2019,02-Jun-21
28217,11/14/2012,07-Jun-21
28201,11/22/2012,07-Jun-21
28338,1/18/2013,10-Jun-21
18238,2/13/1997,17-Jun-21
28396,6/11/2014,17-Jun-21
28323,12/31/2012,09-Jul-21
18861,5/1/1999,28-Jul-21
3353,9/4/2019,13-Aug-21
18054,5/2/1996,24-Aug-21
20131,3/1/2012,10/1/2021
7892,10/31/2019,26-Oct-21
28145,11/14/2012,05-Nov-21
18412,3/30/1998,08-Dec-21
28237,11/23/2012,08-Dec-21
28416,3/27/2015,08-Dec-21
19417,7/18/2001,31-Dec-21
15259,9/2/1982,18-Jan-22
C2765,7/2/2007,21-Jan-22
19601,10/13/2005,14-Feb-22
19560,7/20/2004,14-Feb-22
19294,10/20/2000,20-Feb-22
28314,12/24/2012,25-Feb-22
