"PF. NO.","Appointment Date","Date of Application"
18116,,2002-07-08
C2110,1997-1-18,2005-02-25
2253,1997-03-14,2005-06-25
19370,1996-06-08,2005-08-27
14759,,2005-09-13
11251,1999-02-18,2005-10-27
18088,1996-01-06,2006-01-06
15572,1984-01-12,2006-01-19
18492,1997-01-12,2006-04-20
7458,2010-01-12,2006-07-24
19400,2001-06-18,2006-07-26
11213,2010-08-12,2006-11-02
18381,1997-02-06,2006-11-02
18469,1997-11-03,2007-02-02
19114,1995-06-02,2007-10-29
7453,2010-01-12,2007-11-23
20129,30-03-2012,2007-12-12
19591,2005-01-08,2008-02-20
18979,1999-09-30,2008-04-24
17709,2012-12-07,2008-08-10
18950,1999-08-05,2008-08-21
19533,2002-01-04,2008-09-19
19611,2006-03-10,2009-04-08
19759,2011-01-10,2010-01-15
18225,2011-01-10,2010-03-12
20253,2012-07-11,2010-04-26
28205,2012-11-14,2010-06-18
28042,2012-11-14,2010-07-05
,2012-11-14,2010-09-25
19022,1999-10-11,2010-10-24
11232,2010-12-29,2010-11-25
19284,2000-10-30,2011-02-10
28320,2012-12-28,2011-04-18
28277,2012-11-14,2011-05-16
11335,2012-02-05,2011-05-19
19131,2000-02-01,2011-08-23
19729,2007-10-18,2011-08-24
C3093,2012-11-29,2011-08-28
28041,2012-11-14,2011-12-14
19201,2000-08-01,2012-02-28
19328,2001-08-01,2012-04-25
28225,2012-11-14,2012-07-06
28286,2012-11-14,2012-08-08
28094,2012-11-14,2012-11-26
28288,2012-07-12,2012-11-27
28191,2012-04-01,2012-12-06
28233,2012-11-22,2012-12-17
19804,2009-01-06,2013-01-22
23866,1905-07-04,2013-04-09
18710,1998-11-11,2013-06-03
28236,2012-11-23,2013-06-12
28290,2012-12-24,2013-12-17
7702,2014-09-06,2013-12-30
28271,2012-06-12,2014-01-12
C2543,2000-10-25,2014-01-24
28358,2013-01-23,2014-04-29
19257,2000-10-19,2014-07-16
19295,2000-10-11,2014-08-16
28362,2013-01-23,2014-10-01
,2012-11-22,2015-01-12
28081,2012-11-14,2015-02-25
19551,2004-07-26,2015-02-25
28035,2012-11-19,2015-06-26
28091,2012-11-14,2015-06-30
28310,2013-02-01,2015-08-03
18848,1999-01-05,2015-09-03
7712,2014-11-20,2015-10-22
28403,2014-08-01,2015-12-16
17886,1995-02-10,2015-12-22
28416,2015-3-26,2015-12-29
19589,2005-08-01,2016-01-11
19087,1999-11-27,2016-01-12
28318,2013-02-01,2016-01-13
19753,2008-04-14,2016-04-05
28249,2012-11-14,2016-06-14
20100,2012-02-01,2016-05-26
19466,2002-02-26,2016-10-5
28167,2012-03-12,2016-7-7
19790,2008-12-22,2016-09-01
As7693,2014-01-21,2017-03-16
19660,2006-11-09,2017-04-07
19586,2005-01-08,2017-07-17
19540,2003-08-11,
7696,2014-02-05,2017-08-30
21,2012-08-07,2017-10-04
28112,2012-11-19,2017-11-30
7455,2010-12-01,2018-04-10
28158,2012-12-24,2018-05-28
28198,2012-11-14,2018-06-21
28165,2013-02-11,2018-07-06
c3074,2012-11-27,
28043,2012-11-14,2018-09-18
7723,2015-06-10,2018-10-01
28182,2012-11-14,2018-10-01
17770,2012-08-01,2018-10-01
17622,2006-05-20,2018-10-01
19152,2000-03-01,2018-10-01
19249,2000-10-23,2018-11-29
c2449,1999-7-23,2019-01-23
28183,2012-12-03,2019-04-10
28300,2013-08-01,2019-5-22
28063,2012-11-22,2019-06-03
28244,2012-11-14,2019-08-14
28424,2015-11-02,2019-9-5
19094,1999-11-12,2019-10-01
28241,2012-11-26,2019-10-01
28348,2013-01-23,2019-10-01
28355,2013-01-18,2019-10-01
28322,2013-01-04,2019-10-02
19364,2001-03-15,2019-12-16
19623,2006-09-04,2020-01-10
19631,2006-09-13,2020-01-31
16965,1987-5-19,2020-02-03
19187,2000-6-26,2020-07-30
20285,2012-9-27,2020-09-01
19629,2006-09-04,2020-09-16
17961,1996-03-08,2020-10-01
28415,2015-3-27,2020-10-01
7559,2012-8-28,2020-10-12
20254,2012-7-23,2021-01-20
28060,2012-11-14,2021-01-20
28405,2014-07-10,2021-03-11
18924,1999-8-16,2021-04-23
19644,2006-10-10,2021-04-23
28207,2012-11-14,2021-06-29
19492,2002-03-01,2021-07-19
20252,2012-7-23,2021-08-12
19577,2006-9-16,2021-10-01
13256,1978-3-15,2021-10-01
11257,2011-2-28,2022-02-07
20255,2012-7-17,2022-02-16
28111,2012-11-19,
19620,2006-9-13,
28208,2012-11-26,
20557,2012-11-14,
18208,1996-9-26,
2846,2009-11-02,
18118,1996-01-07,
20087,2012-01-23,
28144,2012-12-03,
18259,1997-02-24,
2738,2006-11-09,
18902,1999-08-31,
19271,2000-08-03,
7753,2016-11-07,
18539,1999-3-30,
CM2736,2002-03-01,
18405,1997-7-28,
7748,2016-11-05,
20375,2012-11-22,
18395,1997-07-14,
19598,2005-09-13,
20782,2012-11-23,
19549,2004-07-20,
20265,2012-08-01,
20383,2012-11-26,
2739,2006-11-07,
18768,1999-02-01,
19256,2000-10-23,
28372,2013-01-23,
20783,2012-11-26,
20378,2012-11-14,
7751,2016-11-07,
7713,2014-11-28,
2942,2011-03-01,
20590,2012-12-06,
17297,1990-08-08,
19040,2000-08-10,
18611,1998-06-23,
18471,1997-11-07,
19675,2007-02-27,
20068,2011-01-08,
28186,2013-02-04,
28296,2013-01-16,
20272,2012-01-08,
19699,2007-01-06,
19467,2002-06-03,
19554,2004-7-26,
19253,2000-10-23,
CM/3241,2015-02-01,
"CM/2735 ",,2006-10-11
19592,2005-11-10,
28272,2012-11-14,
20126,2012-03-01,
19748,2010-04-14,
28230,2012-11-26,
17798,2012-08-10,
20776,2012-11-27,
19692,2007-04-24,
19238,2000-10-02,
19211,2001-04-05,
2447,1999-07-19,
7750,2016-11-03,
19633,2006-09-13,
19638,2006-12-29,
28388,2013-12-06,
28367,2013-01-21,
20326,2012-11-01,
19807,2009-06-05,
19646,2006-10-06,
20540,2012-00-11,
7809,2018-05-15,
20278,2012-08-01,
19576,2012-08-06,
19017,1999-11-10,
17990,1996-03-01,
20785,2012-11-14,
28411,2014-10-20,
19716,2007-10-10,
19307,2000-10-01,
28443,2018-08-30,
19825,2009-08-27,
19805,2009-06-01,
28021,2012-10-29,
19821,2009-06-04,
7783,2017-11-16,
AS/7828,2019-04-25,
7782,2017-11-16,
19605,2005-11-07,
28183,2012-12-03,
,2019-05-06,
19469,2002-03-22,
11246,2011-01-19,
20283,2015-08-01,
7879,2019-10-31,
7894,2019-11-08,
7878,2019-11-08,
19634,2006-09-13,
20669,2015-07-27,
19587,2005-08-01,
AS7891,2019-11-04,
20379,2012-10-23,
20305,2012-10-23,
AS/7885,2019-10-31,
20834,2012-12-28,
17861,1995-12-01,
20311,2012-10-23,
20599,2012-11-15,
19855,2010-09-03,
19666,2007-01-22,
20803,2012-12-14,
19477,2004-02-04,
CM/3106,2012-11-29,
19782,2008-11-05,
7893,2020-01-02,
19283,2022-10-26,
20313,2012-10-29,
20859,2013-03-01,
19706,2007-10-10,
19651,2006-10-07,
20317,2012-10-23,
87624,1995-11-13,
20269,2012-08-01,
19980,2011-01-11,
19924,2011-01-20,
19962,2011-01-11,
20753,2012-00-11,
19972,2011-01-20,
19803,2009-03-02,
20349,2012-11-01,
19901,2010-12-17,
19864,2010-10-13,
18659,1998-08-24,
28204,2012-12-13,
20331,2012-10-29,
19907,2010-12-24,
28146,2012-11-14,
28077,2012-11-14,
20048,2011-02-11,
17722,2012-06-18,
20359,2012-10-31,
19840,2010-08-20,
20055,2011-04-05,
19890,2010-10-26,
20373,2912-11-14,
20072,2011-08-10,
20172,2012-04-26,
20195,2012-05-09,
20094,2012-01-23,
19989,2011-01-11,
20194,2012-05-09,
20205,2012-05-10,
19957,2011-01-11,
19917,2011-01-11,
19021,1999-11-01,
19921,2011-01-20,
19976,2011-01-11,
20176,2012-07-18,
19774,2008-08-04,
19640,2006-09-04,
20188,2012-05-15,
20218,2012-05-21,
20199,2012-05-23,
20103,2012-02-01,
20184,2012-05-10,
20262,2012-08-06,
20202,2012-05-10,
20196,2012-04-26,
